,DATE,Cons_Materials,COMPUTSA,Income,UNRATE,FEDFUNDS,CSUSHPISA,year,month
0,1987-01-01,107.6,1862.0,6494.2,6.6,6.43,63.965,1987,1
1,1987-02-01,107.9,1771.0,6525.0,6.6,6.1,64.425,1987,2
2,1987-03-01,108.1,1694.0,6530.5,6.6,6.13,64.735,1987,3
3,1987-04-01,108.3,1735.0,6282.3,6.3,6.37,65.132,1987,4
4,1987-05-01,108.3,1713.0,6537.0,6.3,6.85,65.564,1987,5
5,1987-06-01,108.6,1635.0,6527.6,6.2,6.73,66.071,1987,6
6,1987-07-01,109.2,1685.0,6545.8,6.1,6.58,66.507,1987,7
7,1987-08-01,109.7,1624.0,6574.0,6.0,6.73,66.938,1987,8
8,1987-09-01,110.5,1587.0,6575.3,5.9,7.22,67.33,1987,9
9,1987-10-01,111.5,1577.0,6619.6,6.0,7.29,67.738,1987,10
10,1987-11-01,112.2,1578.0,6648.1,5.8,6.69,68.107,1987,11
11,1987-12-01,112.6,1632.0,6711.5,5.7,6.77,68.506,1987,12
12,1988-01-01,113.9,1554.0,6730.2,5.7,6.83,68.858,1988,1
13,1988-02-01,114.0,1450.0,6773.5,5.7,6.58,69.262,1988,2
14,1988-03-01,114.2,1600.0,6804.3,5.7,6.58,69.638,1988,3
15,1988-04-01,114.9,1615.0,6830.1,5.4,6.87,69.977,1988,4
16,1988-05-01,115.2,1483.0,6841.7,5.6,7.09,70.42699999999999,1988,5
17,1988-06-01,115.3,1512.0,6868.5,5.4,7.51,70.889,1988,6
18,1988-07-01,115.9,1527.0,6898.2,5.4,7.75,71.354,1988,7
19,1988-08-01,116.1,1551.0,6918.4,5.6,8.01,71.8,1988,8
20,1988-09-01,116.3,1531.0,6932.4,5.4,8.19,72.241,1988,9
21,1988-10-01,117.1,1529.0,6969.9,5.4,8.3,72.63600000000001,1988,10
22,1988-11-01,117.4,1407.0,6971.9,5.3,8.35,73.071,1988,11
23,1988-12-01,117.6,1547.0,7005.2,5.3,8.76,73.465,1988,12
24,1989-01-01,118.3,1561.0,7033.4,5.4,9.12,73.947,1989,1
25,1989-02-01,118.6,1597.0,7052.7,5.2,9.36,74.383,1989,2
26,1989-03-01,118.9,1442.0,7087.1,5.0,9.85,74.778,1989,3
27,1989-04-01,119.3,1542.0,7050.0,5.2,9.84,75.085,1989,4
28,1989-05-01,119.6,1449.0,7017.2,5.2,9.81,75.306,1989,5
29,1989-06-01,119.6,1346.0,7036.7,5.3,9.53,75.479,1989,6
30,1989-07-01,119.8,1386.0,7061.3,5.2,9.24,75.657,1989,7
31,1989-08-01,119.5,1429.0,7080.0,5.2,8.99,75.835,1989,8
32,1989-09-01,119.9,1338.0,7101.4,5.3,9.02,76.056,1989,9
33,1989-10-01,120.6,1333.0,7136.8,5.3,8.84,76.283,1989,10
34,1989-11-01,120.2,1475.0,7144.0,5.4,8.55,76.521,1989,11
35,1989-12-01,119.4,1304.0,7144.7,5.4,8.45,76.705,1989,12
36,1990-01-01,119.1,1508.0,7187.4,5.4,8.23,76.89699999999999,1990,1
37,1990-02-01,119.0,1352.0,7203.3,5.3,8.24,77.053,1990,2
38,1990-03-01,119.6,1345.0,7206.1,5.2,8.28,77.20100000000001,1990,3
39,1990-04-01,120.1,1332.0,7253.4,5.4,8.26,77.278,1990,4
40,1990-05-01,120.1,1351.0,7245.8,5.4,8.18,77.297,1990,5
41,1990-06-01,119.5,1263.0,7257.3,5.2,8.29,77.259,1990,6
42,1990-07-01,119.7,1295.0,7283.7,5.5,8.15,77.139,1990,7
43,1990-08-01,119.5,1307.0,7239.1,5.7,8.13,77.009,1990,8
44,1990-09-01,119.8,1312.0,7236.8,5.9,8.2,76.85,1990,9
45,1990-10-01,119.6,1282.0,7178.7,5.9,8.11,76.699,1990,10
46,1990-11-01,119.7,1248.0,7181.9,6.2,7.81,76.37,1990,11
47,1990-12-01,119.7,1173.0,7224.7,6.3,7.31,76.185,1990,12
48,1991-01-01,120.0,1149.0,7205.7,6.4,6.91,75.916,1991,1
49,1991-02-01,119.9,1090.0,7216.8,6.6,6.25,75.734,1991,2
50,1991-03-01,120.0,1176.0,7229.1,6.8,6.12,75.569,1991,3
51,1991-04-01,120.1,1093.0,7258.0,6.7,5.91,75.566,1991,4
52,1991-05-01,120.6,1070.0,7259.5,6.9,5.78,75.765,1991,5
53,1991-06-01,121.4,1093.0,7296.7,6.9,5.9,75.992,1991,6
54,1991-07-01,121.5,1076.0,7282.0,6.8,5.82,76.082,1991,7
55,1991-08-01,120.3,1050.0,7298.3,6.9,5.66,76.109,1991,8
56,1991-09-01,120.3,1216.0,7317.7,6.9,5.45,76.193,1991,9
57,1991-10-01,120.2,1076.0,7328.0,7.0,5.21,76.075,1991,10
58,1991-11-01,120.1,1013.0,7338.4,7.0,4.81,76.014,1991,11
59,1991-12-01,120.2,1002.0,7403.6,7.3,4.43,76.056,1991,12
60,1992-01-01,120.6,1061.0,7474.8,7.3,4.03,76.087,1992,1
61,1992-02-01,121.9,1098.0,7507.2,7.4,4.06,76.156,1992,2
62,1992-03-01,122.7,1128.0,7513.8,7.4,3.98,76.277,1992,3
63,1992-04-01,122.8,1083.0,7535.0,7.4,3.73,76.346,1992,4
64,1992-05-01,122.7,1187.0,7570.2,7.6,3.82,76.399,1992,5
65,1992-06-01,122.6,1189.0,7601.6,7.8,3.76,76.332,1992,6
66,1992-07-01,122.4,1251.0,7595.9,7.7,3.25,76.264,1992,7
67,1992-08-01,122.4,1140.0,7622.6,7.6,3.3,76.23,1992,8
68,1992-09-01,123.0,1123.0,7586.9,7.6,3.22,76.23899999999999,1992,9
69,1992-10-01,122.6,1139.0,7537.9,7.3,3.1,76.376,1992,10
70,1992-11-01,122.7,1224.0,7549.3,7.4,3.09,76.559,1992,11
71,1992-12-01,123.7,1199.0,7818.6,7.4,2.92,76.67399999999999,1992,12
72,1993-01-01,125.2,1135.0,7648.1,7.3,3.02,76.78399999999999,1993,1
73,1993-02-01,127.4,1236.0,7684.5,7.1,3.03,76.837,1993,2
74,1993-03-01,129.2,1105.0,7660.8,7.0,3.07,76.867,1993,3
75,1993-04-01,129.5,1216.0,7700.6,7.1,2.96,76.936,1993,4
76,1993-05-01,128.5,1111.0,7689.4,7.1,3.0,77.038,1993,5
77,1993-06-01,127.7,1193.0,7675.1,7.0,3.04,77.243,1993,6
78,1993-07-01,127.4,1090.0,7694.3,6.9,3.06,77.429,1993,7
79,1993-08-01,128.2,1264.0,7705.4,6.8,3.03,77.613,1993,8
80,1993-09-01,129.1,1172.0,7684.4,6.7,3.09,77.795,1993,9
81,1993-10-01,129.3,1246.0,7646.9,6.8,2.99,77.941,1993,10
82,1993-11-01,130.3,1235.0,7668.1,6.6,3.02,78.149,1993,11
83,1993-12-01,131.4,1289.0,7929.4,6.5,2.96,78.32600000000001,1993,12
84,1994-01-01,132.5,1228.0,7780.4,6.6,3.05,78.592,1994,1
85,1994-02-01,132.4,1353.0,7795.0,6.6,3.25,78.72800000000001,1994,2
86,1994-03-01,132.7,1257.0,7820.5,6.5,3.34,78.85600000000001,1994,3
87,1994-04-01,132.1,1374.0,7820.4,6.4,3.56,78.988,1994,4
88,1994-05-01,132.4,1430.0,7910.6,6.1,4.01,79.222,1994,5
89,1994-06-01,133.3,1336.0,7898.1,6.1,4.25,79.423,1994,6
90,1994-07-01,133.4,1281.0,7905.0,6.1,4.26,79.595,1994,7
91,1994-08-01,134.1,1348.0,7914.4,6.0,4.47,79.782,1994,8
92,1994-09-01,135.0,1414.0,7949.0,5.9,4.73,79.919,1994,9
93,1994-10-01,135.3,1378.0,8024.4,5.8,4.76,80.066,1994,10
94,1994-11-01,136.5,1365.0,8023.9,5.6,5.29,80.15,1994,11
95,1994-12-01,136.5,1386.0,8060.2,5.5,5.45,80.297,1994,12
96,1995-01-01,137.4,1423.0,8086.0,5.6,5.53,80.42699999999999,1995,1
97,1995-02-01,138.0,1294.0,8102.0,5.4,5.92,80.528,1995,2
98,1995-03-01,138.6,1413.0,8124.2,5.4,5.98,80.598,1995,3
99,1995-04-01,139.2,1342.0,8064.0,5.8,6.05,80.661,1995,4
100,1995-05-01,139.3,1326.0,8145.6,5.6,6.01,80.704,1995,5
101,1995-06-01,138.9,1242.0,8169.8,5.6,6.0,80.78399999999999,1995,6
102,1995-07-01,139.6,1352.0,8187.8,5.7,5.85,80.938,1995,7
103,1995-08-01,139.8,1265.0,8193.0,5.7,5.74,81.11,1995,8
104,1995-09-01,139.7,1279.0,8219.4,5.6,5.8,81.307,1995,9
105,1995-10-01,139.1,1335.0,8228.4,5.5,5.76,81.482,1995,10
106,1995-11-01,138.4,1360.0,8250.5,5.6,5.8,81.619,1995,11
107,1995-12-01,138.1,1200.0,8261.3,5.6,5.6,81.737,1995,12
108,1996-01-01,137.7,1402.0,8272.1,5.6,5.56,81.834,1996,1
109,1996-02-01,137.7,1317.0,8335.8,5.5,5.22,81.954,1996,2
110,1996-03-01,137.8,1369.0,8362.4,5.5,5.31,82.195,1996,3
111,1996-04-01,138.2,1327.0,8311.8,5.6,5.22,82.421,1996,4
112,1996-05-01,139.6,1423.0,8416.8,5.6,5.24,82.61,1996,5
113,1996-06-01,140.0,1437.0,8467.1,5.3,5.27,82.75200000000001,1996,6
114,1996-07-01,139.9,1453.0,8444.0,5.5,5.4,82.928,1996,7
115,1996-08-01,140.4,1468.0,8464.7,5.1,5.22,83.086,1996,8
116,1996-09-01,141.4,1379.0,8483.9,5.2,5.3,83.256,1996,9
117,1996-10-01,140.7,1392.0,8482.7,5.2,5.24,83.37700000000001,1996,10
118,1996-11-01,141.3,1413.0,8505.1,5.4,5.31,83.552,1996,11
119,1996-12-01,140.9,1487.0,8533.1,5.4,5.29,83.721,1996,12
120,1997-01-01,141.1,1377.0,8556.4,5.3,5.25,83.955,1997,1
121,1997-02-01,141.8,1545.0,8579.2,5.2,5.19,84.181,1997,2
122,1997-03-01,142.1,1445.0,8619.0,5.2,5.39,84.45100000000001,1997,3
123,1997-04-01,142.6,1438.0,8624.5,5.1,5.51,84.62299999999999,1997,4
124,1997-05-01,142.6,1400.0,8661.9,4.9,5.5,84.86200000000001,1997,5
125,1997-06-01,142.5,1315.0,8689.7,5.0,5.56,85.08,1997,6
126,1997-07-01,142.8,1313.0,8723.1,4.9,5.52,85.33200000000001,1997,7
127,1997-08-01,142.6,1332.0,8768.6,4.8,5.54,85.573,1997,8
128,1997-09-01,142.1,1442.0,8791.5,4.9,5.54,85.851,1997,9
129,1997-10-01,141.5,1396.0,8834.8,4.7,5.5,86.147,1997,10
130,1997-11-01,141.8,1420.0,8892.2,4.6,5.52,86.633,1997,11
131,1997-12-01,141.4,1428.0,8944.3,4.7,5.5,87.09299999999999,1997,12
132,1998-01-01,141.2,1316.0,9022.9,4.6,5.56,87.615,1998,1
133,1998-02-01,141.3,1441.0,9081.2,4.6,5.51,88.00299999999999,1998,2
134,1998-03-01,141.4,1477.0,9134.4,4.7,5.49,88.44200000000001,1998,3
135,1998-04-01,141.8,1498.0,9164.1,4.3,5.45,88.87899999999999,1998,4
136,1998-05-01,141.6,1465.0,9202.0,4.4,5.49,89.36399999999999,1998,5
137,1998-06-01,141.2,1467.0,9254.2,4.5,5.56,89.845,1998,6
138,1998-07-01,141.9,1552.0,9270.0,4.5,5.54,90.31,1998,7
139,1998-08-01,142.4,1521.0,9299.3,4.5,5.55,90.786,1998,8
140,1998-09-01,142.0,1452.0,9325.5,4.6,5.51,91.259,1998,9
141,1998-10-01,140.8,1452.0,9337.5,4.5,5.07,91.717,1998,10
142,1998-11-01,140.5,1604.0,9374.6,4.4,4.83,92.2,1998,11
143,1998-12-01,140.5,1433.0,9391.7,4.4,4.68,92.713,1998,12
144,1999-01-01,140.5,1599.0,9444.1,4.3,4.63,93.208,1999,1
145,1999-02-01,141.1,1459.0,9476.2,4.4,4.76,93.672,1999,2
146,1999-03-01,141.6,1673.0,9484.1,4.2,4.81,94.217,1999,3
147,1999-04-01,141.6,1580.0,9453.0,4.3,4.74,94.785,1999,4
148,1999-05-01,142.3,1623.0,9469.3,4.2,4.74,95.344,1999,5
149,1999-06-01,143.9,1648.0,9501.3,4.3,4.76,95.975,1999,6
150,1999-07-01,145.0,1597.0,9519.0,4.3,4.99,96.592,1999,7
151,1999-08-01,144.8,1563.0,9559.1,4.2,5.07,97.219,1999,8
152,1999-09-01,143.5,1643.0,9546.7,4.2,5.22,97.863,1999,9
153,1999-10-01,142.6,1593.0,9598.7,4.1,5.2,98.523,1999,10
154,1999-11-01,142.9,1596.0,9660.9,4.1,5.42,99.154,1999,11
155,1999-12-01,143.3,1659.0,9735.9,4.0,5.3,99.844,1999,12
156,2000-01-01,144.1,1574.0,9799.9,4.0,5.45,100.552,2000,1
157,2000-02-01,144.7,1677.0,9837.9,4.1,5.73,101.339,2000,2
158,2000-03-01,145.4,1704.0,9864.0,4.0,5.85,102.126,2000,3
159,2000-04-01,145.6,1610.0,9913.7,3.8,6.02,102.922,2000,4
160,2000-05-01,144.9,1682.0,9954.5,4.0,6.27,103.678,2000,5
161,2000-06-01,145.0,1530.0,9982.3,4.0,6.53,104.424,2000,6
162,2000-07-01,144.4,1495.0,10035.9,4.0,6.54,105.054,2000,7
163,2000-08-01,143.7,1573.0,10098.3,4.1,6.5,105.768,2000,8
164,2000-09-01,143.4,1528.0,10110.3,3.9,6.52,106.537,2000,9
165,2000-10-01,143.3,1513.0,10139.2,3.9,6.51,107.382,2000,10
166,2000-11-01,142.7,1539.0,10143.5,3.9,6.51,108.301,2000,11
167,2000-12-01,142.5,1521.0,10164.3,3.9,6.4,109.14,2000,12
168,2001-01-01,142.0,1456.0,10211.7,4.2,5.98,109.846,2001,1
169,2001-02-01,142.4,1536.0,10223.4,4.2,5.49,110.501,2001,2
170,2001-03-01,142.4,1470.0,10254.4,4.3,5.31,111.109,2001,3
171,2001-04-01,142.5,1574.0,10233.1,4.4,4.8,111.651,2001,4
172,2001-05-01,144.2,1497.0,10214.7,4.3,4.21,112.163,2001,5
173,2001-06-01,144.3,1654.0,10218.1,4.5,3.97,112.796,2001,6
174,2001-07-01,143.4,1582.0,10370.7,4.6,3.77,113.491,2001,7
175,2001-08-01,143.3,1615.0,10543.1,4.9,3.65,114.167,2001,8
176,2001-09-01,143.0,1551.0,10452.8,5.0,3.07,114.812,2001,9
177,2001-10-01,142.3,1599.0,10267.7,5.3,2.49,115.31,2001,10
178,2001-11-01,142.1,1555.0,10279.7,5.5,2.09,115.856,2001,11
179,2001-12-01,141.7,1693.0,10298.9,5.7,1.82,116.454,2001,12
180,2002-01-01,142.0,1632.0,10514.7,5.7,1.73,117.143,2002,1
181,2002-02-01,142.2,1671.0,10531.6,5.7,1.74,117.844,2002,2
182,2002-03-01,143.2,1559.0,10539.0,5.7,1.73,118.687,2002,3
183,2002-04-01,143.5,1625.0,10574.2,5.9,1.75,119.61,2002,4
184,2002-05-01,143.8,1705.0,10616.5,5.8,1.75,120.724,2002,5
185,2002-06-01,144.3,1589.0,10648.2,5.8,1.75,121.813,2002,6
186,2002-07-01,144.7,1615.0,10621.0,5.8,1.73,122.888,2002,7
187,2002-08-01,145.1,1722.0,10623.0,5.7,1.74,123.831,2002,8
188,2002-09-01,145.4,1641.0,10633.6,5.7,1.75,124.78,2002,9
189,2002-10-01,145.0,1601.0,10661.8,5.7,1.75,125.734,2002,10
190,2002-11-01,144.6,1718.0,10690.9,5.9,1.34,126.669,2002,11
191,2002-12-01,144.3,1671.0,10719.9,6.0,1.24,127.624,2002,12
192,2003-01-01,144.4,1654.0,10710.4,5.8,1.24,128.461,2003,1
193,2003-02-01,145.2,1688.0,10674.0,5.9,1.26,129.356,2003,2
194,2003-03-01,145.2,1638.0,10696.5,5.9,1.25,130.148,2003,3
195,2003-04-01,145.9,1662.0,10752.7,6.0,1.26,130.884,2003,4
196,2003-05-01,145.8,1733.0,10832.0,6.1,1.26,131.734,2003,5
197,2003-06-01,146.1,1641.0,10860.6,6.3,1.22,132.649,2003,6
198,2003-07-01,147.0,1680.0,10991.1,6.2,1.01,133.77700000000002,2003,7
199,2003-08-01,147.2,1570.0,11066.7,6.1,1.03,134.969,2003,8
200,2003-09-01,149.0,1719.0,10940.8,6.1,1.01,136.29399999999998,2003,9
201,2003-10-01,149.6,1728.0,10982.3,6.0,1.01,137.532,2003,10
202,2003-11-01,150.2,1692.0,11048.4,5.8,1.0,138.79399999999998,2003,11
203,2003-12-01,149.7,1716.0,11057.2,5.7,0.98,140.18,2003,12
204,2004-01-01,150.0,1709.0,11051.2,5.7,1.0,141.64600000000002,2004,1
205,2004-02-01,153.4,1718.0,11071.0,5.6,1.01,143.191,2004,2
206,2004-03-01,156.5,1794.0,11115.6,5.8,1.0,145.058,2004,3
207,2004-04-01,160.1,1938.0,11153.3,5.6,1.0,146.592,2004,4
208,2004-05-01,162.7,1893.0,11208.9,5.6,1.0,148.185,2004,5
209,2004-06-01,162.0,1857.0,11215.8,5.6,1.03,149.85,2004,6
210,2004-07-01,162.2,1881.0,11240.5,5.5,1.26,151.33700000000002,2004,7
211,2004-08-01,165.9,1911.0,11274.6,5.4,1.43,152.63299999999998,2004,8
212,2004-09-01,167.2,1796.0,11279.6,5.4,1.61,154.17700000000002,2004,9
213,2004-10-01,165.9,1839.0,11282.5,5.5,1.76,155.75,2004,10
214,2004-11-01,165.5,1758.0,11246.1,5.4,1.93,157.526,2004,11
215,2004-12-01,166.3,1921.0,11659.0,5.4,2.16,159.329,2004,12
216,2005-01-01,168.6,1892.0,11226.5,5.3,2.28,161.287,2005,1
217,2005-02-01,170.4,1908.0,11229.0,5.4,2.5,163.343,2005,2
218,2005-03-01,170.0,1787.0,11268.8,5.2,2.63,165.812,2005,3
219,2005-04-01,170.0,1927.0,11304.2,5.2,2.79,167.50099999999998,2005,4
220,2005-05-01,168.1,2103.0,11352.7,5.1,3.0,169.35,2005,5
221,2005-06-01,167.8,1965.0,11375.5,5.0,3.04,171.19,2005,6
222,2005-07-01,167.2,1886.0,11387.1,5.0,3.26,172.859,2005,7
223,2005-08-01,165.9,1952.0,11405.3,4.9,3.5,174.44299999999998,2005,8
224,2005-09-01,168.9,1922.0,11365.2,5.0,3.62,176.437,2005,9
225,2005-10-01,171.6,1962.0,11428.7,5.0,3.78,178.02599999999998,2005,10
226,2005-11-01,172.7,1907.0,11500.1,5.0,4.0,179.68,2005,11
227,2005-12-01,173.5,1941.0,11535.2,4.9,4.16,180.909,2005,12
228,2006-01-01,177.2,2036.0,11651.8,4.7,4.29,182.32,2006,1
229,2006-02-01,177.7,2048.0,11702.8,4.8,4.49,183.287,2006,2
230,2006-03-01,178.3,2245.0,11747.5,4.7,4.59,184.364,2006,3
231,2006-04-01,179.0,2071.0,11744.4,4.7,4.79,184.328,2006,4
232,2006-05-01,179.9,1897.0,11736.8,4.6,4.94,184.155,2006,5
233,2006-06-01,180.7,2050.0,11751.9,4.6,4.99,183.506,2006,6
234,2006-07-01,182.3,1934.0,11746.9,4.7,5.24,183.066,2006,7
235,2006-08-01,182.6,1877.0,11737.0,4.7,5.25,182.595,2006,8
236,2006-09-01,183.3,2011.0,11800.1,4.5,5.25,182.798,2006,9
237,2006-10-01,182.3,1918.0,11853.7,4.4,5.25,183.197,2006,10
238,2006-11-01,179.8,1893.0,11901.9,4.5,5.25,183.608,2006,11
239,2006-12-01,179.8,1888.0,11958.6,4.4,5.24,184.138,2006,12
240,2007-01-01,181.1,1822.0,11956.6,4.6,5.25,184.515,2007,1
241,2007-02-01,181.5,1640.0,11996.0,4.5,5.26,184.597,2007,2
242,2007-03-01,182.5,1623.0,12035.1,4.4,5.26,184.149,2007,3
243,2007-04-01,183.7,1539.0,12052.8,4.5,5.25,183.009,2007,4
244,2007-05-01,184.0,1536.0,12059.9,4.4,5.25,181.6,2007,5
245,2007-06-01,184.0,1481.0,12053.3,4.6,5.25,180.253,2007,6
246,2007-07-01,184.2,1534.0,12066.4,4.7,5.26,179.109,2007,7
247,2007-08-01,183.9,1512.0,12070.9,4.6,5.02,178.116,2007,8
248,2007-09-01,183.4,1356.0,12089.6,4.7,4.94,177.55599999999998,2007,9
249,2007-10-01,183.0,1405.0,12080.4,4.7,4.76,176.623,2007,10
250,2007-11-01,183.3,1390.0,12070.1,4.7,4.49,175.146,2007,11
251,2007-12-01,183.5,1328.0,12120.5,5.0,4.24,174.34099999999998,2007,12
252,2008-01-01,184.3,1331.0,12137.1,5.0,3.94,173.13099999999997,2008,1
253,2008-02-01,185.7,1274.0,12141.8,4.9,2.98,171.53900000000002,2008,2
254,2008-03-01,187.8,1195.0,12145.9,5.1,2.61,170.05200000000002,2008,3
255,2008-04-01,190.9,1022.0,12100.8,5.0,2.28,168.33599999999998,2008,4
256,2008-05-01,195.8,1142.0,12696.2,5.4,1.98,166.657,2008,5
257,2008-06-01,200.4,1142.0,12376.6,5.6,2.0,165.016,2008,6
258,2008-07-01,203.4,1087.0,12188.7,5.8,2.01,163.564,2008,7
259,2008-08-01,206.5,1017.0,12120.6,6.1,2.0,161.987,2008,8
260,2008-09-01,206.3,1160.0,12149.0,6.1,1.81,160.306,2008,9
261,2008-10-01,201.8,1055.0,12240.5,6.5,0.97,158.326,2008,10
262,2008-11-01,199.6,1076.0,12345.9,6.8,0.39,156.141,2008,11
263,2008-12-01,194.8,1021.0,12288.8,7.3,0.16,153.618,2008,12
264,2009-01-01,193.3,777.0,12361.5,7.8,0.15,151.507,2009,1
265,2009-02-01,191.2,819.0,12241.9,8.3,0.22,150.015,2009,2
266,2009-03-01,190.2,839.0,12242.7,8.7,0.18,148.66,2009,3
267,2009-04-01,188.1,846.0,12320.0,9.0,0.15,147.947,2009,4
268,2009-05-01,186.9,818.0,12500.1,9.4,0.18,147.692,2009,5
269,2009-06-01,187.1,797.0,12273.2,9.5,0.21,148.088,2009,6
270,2009-07-01,187.6,797.0,12218.7,9.5,0.16,148.407,2009,7
271,2009-08-01,188.1,792.0,12194.8,9.6,0.16,148.27700000000002,2009,8
272,2009-09-01,189.3,721.0,12230.6,9.8,0.15,148.024,2009,9
273,2009-10-01,189.7,746.0,12193.2,10.0,0.12,147.85,2009,10
274,2009-11-01,189.2,844.0,12224.4,9.9,0.12,148.135,2009,11
275,2009-12-01,189.4,750.0,12280.2,9.9,0.12,147.928,2009,12
276,2010-01-01,190.3,689.0,12285.8,9.8,0.11,147.39600000000002,2010,1
277,2010-02-01,192.2,670.0,12292.0,9.8,0.13,145.631,2010,2
278,2010-03-01,193.7,635.0,12340.3,9.9,0.16,145.858,2010,3
279,2010-04-01,196.5,737.0,12447.1,9.9,0.2,146.403,2010,4
280,2010-05-01,198.9,702.0,12540.3,9.6,0.2,146.394,2010,5
281,2010-06-01,197.2,894.0,12544.3,9.4,0.18,145.72,2010,6
282,2010-07-01,195.6,572.0,12554.2,9.4,0.18,144.989,2010,7
283,2010-08-01,194.1,592.0,12591.4,9.5,0.19,143.914,2010,8
284,2010-09-01,193.9,632.0,12589.9,9.5,0.19,143.017,2010,9
285,2010-10-01,193.8,605.0,12592.5,9.4,0.19,142.528,2010,10
286,2010-11-01,193.6,552.0,12605.1,9.8,0.19,142.16899999999998,2010,11
287,2010-12-01,194.2,565.0,12680.6,9.3,0.18,142.056,2010,12
288,2011-01-01,195.9,520.0,12740.1,9.1,0.17,141.518,2011,1
289,2011-02-01,198.1,615.0,12776.6,9.0,0.16,140.345,2011,2
290,2011-03-01,199.7,591.0,12742.7,9.0,0.14,139.977,2011,3
291,2011-04-01,201.1,549.0,12721.3,9.1,0.1,140.00799999999998,2011,4
292,2011-05-01,201.6,549.0,12705.3,9.0,0.09,139.904,2011,5
293,2011-06-01,201.9,579.0,12756.9,9.1,0.09,139.861,2011,6
294,2011-07-01,202.6,634.0,12805.6,9.0,0.07,139.73,2011,7
295,2011-08-01,202.8,614.0,12799.7,9.0,0.1,139.308,2011,8
296,2011-09-01,202.7,603.0,12781.7,9.0,0.08,138.667,2011,9
297,2011-10-01,202.7,566.0,12791.9,8.8,0.07,137.951,2011,10
298,2011-11-01,202.2,585.0,12782.7,8.6,0.08,137.15,2011,11
299,2011-12-01,202.2,610.0,12898.5,8.5,0.07,136.673,2011,12
300,2012-01-01,203.9,545.0,12967.5,8.3,0.08,136.606,2012,1
301,2012-02-01,205.1,561.0,13029.6,8.3,0.1,136.531,2012,2
302,2012-03-01,205.7,582.0,13066.4,8.2,0.13,137.90200000000002,2012,3
303,2012-04-01,206.3,671.0,13116.5,8.2,0.14,139.153,2012,4
304,2012-05-01,206.5,626.0,13112.5,8.2,0.16,140.154,2012,5
305,2012-06-01,206.6,625.0,13097.2,8.2,0.16,141.03,2012,6
306,2012-07-01,206.2,676.0,12999.8,8.2,0.16,141.66899999999998,2012,7
307,2012-08-01,205.5,684.0,12961.6,8.1,0.13,142.279,2012,8
308,2012-09-01,206.6,652.0,13053.1,7.8,0.14,142.907,2012,9
309,2012-10-01,205.5,730.0,13142.0,7.8,0.16,143.59799999999998,2012,10
310,2012-11-01,205.6,668.0,13315.7,7.7,0.16,144.582,2012,11
311,2012-12-01,206.4,677.0,13642.7,7.9,0.16,145.499,2012,12
312,2013-01-01,208.4,714.0,12845.5,8.0,0.14,146.82399999999998,2013,1
313,2013-02-01,209.1,729.0,12813.9,7.7,0.15,147.781,2013,2
314,2013-03-01,209.8,816.0,12852.1,7.5,0.14,149.961,2013,3
315,2013-04-01,210.7,712.0,12893.4,7.6,0.15,151.518,2013,4
316,2013-05-01,209.5,708.0,12954.2,7.5,0.11,152.85,2013,5
317,2013-06-01,208.8,736.0,12955.7,7.5,0.09,154.201,2013,6
318,2013-07-01,208.3,784.0,12941.8,7.3,0.09,155.606,2013,7
319,2013-08-01,208.9,765.0,12969.6,7.2,0.08,156.963,2013,8
320,2013-09-01,208.9,776.0,13027.5,7.2,0.08,158.225,2013,9
321,2013-10-01,209.3,801.0,12974.6,7.2,0.09,159.24,2013,10
322,2013-11-01,209.8,839.0,12998.9,6.9,0.08,160.07299999999998,2013,11
323,2013-12-01,209.8,778.0,13019.1,6.7,0.09,160.993,2013,12
324,2014-01-01,211.7,838.0,13079.5,6.6,0.07,161.925,2014,1
325,2014-02-01,212.7,876.0,13148.0,6.7,0.07,162.524,2014,2
326,2014-03-01,213.4,893.0,13219.9,6.7,0.08,163.084,2014,3
327,2014-04-01,213.6,834.0,13270.2,6.2,0.09,163.39,2014,4
328,2014-05-01,214.3,891.0,13312.9,6.3,0.09,163.656,2014,5
329,2014-06-01,214.5,800.0,13360.4,6.1,0.1,164.06599999999997,2014,6
330,2014-07-01,214.8,839.0,13386.8,6.2,0.09,164.584,2014,7
331,2014-08-01,215.5,908.0,13445.9,6.1,0.09,165.21200000000002,2014,8
332,2014-09-01,215.7,975.0,13486.3,5.9,0.09,165.903,2014,9
333,2014-10-01,215.9,920.0,13550.7,5.7,0.09,166.639,2014,10
334,2014-11-01,215.8,863.0,13624.4,5.8,0.09,167.332,2014,11
335,2014-12-01,215.5,955.0,13719.1,5.6,0.12,168.047,2014,12
336,2015-01-01,215.8,954.0,13797.7,5.7,0.11,168.628,2015,1
337,2015-02-01,215.3,863.0,13848.0,5.5,0.11,169.125,2015,2
338,2015-03-01,215.0,781.0,13811.3,5.4,0.11,169.795,2015,3
339,2015-04-01,214.5,1001.0,13842.0,5.4,0.12,170.293,2015,4
340,2015-05-01,213.7,1012.0,13865.6,5.6,0.12,170.87599999999998,2015,5
341,2015-06-01,213.7,962.0,13874.1,5.3,0.13,171.475,2015,6
342,2015-07-01,213.7,988.0,13905.7,5.2,0.13,172.144,2015,7
343,2015-08-01,213.3,974.0,13935.8,5.1,0.14,172.93200000000002,2015,8
344,2015-09-01,212.5,1040.0,13972.2,5.0,0.14,173.824,2015,9
345,2015-10-01,212.4,985.0,13996.9,5.0,0.12,174.78900000000002,2015,10
346,2015-11-01,211.7,1000.0,13993.4,5.1,0.12,175.736,2015,11
347,2015-12-01,210.9,1023.0,14060.2,5.0,0.24,176.53799999999998,2015,12
348,2016-01-01,211.4,1056.0,14121.1,4.8,0.34,177.263,2016,1
349,2016-02-01,211.3,1037.0,14135.3,4.9,0.38,177.641,2016,2
350,2016-03-01,211.6,1003.0,14135.4,5.0,0.36,178.157,2016,3
351,2016-04-01,212.7,945.0,14106.2,5.1,0.37,178.759,2016,4
352,2016-05-01,213.7,1000.0,14095.5,4.8,0.37,179.42,2016,5
353,2016-06-01,214.6,1109.0,14104.9,4.9,0.38,180.088,2016,6
354,2016-07-01,215.3,1072.0,14160.1,4.8,0.39,180.845,2016,7
355,2016-08-01,216.0,1054.0,14176.7,4.9,0.4,181.841,2016,8
356,2016-09-01,215.3,1035.0,14209.1,5.0,0.4,182.814,2016,9
357,2016-10-01,214.8,1070.0,14235.4,4.9,0.4,183.74400000000003,2016,10
358,2016-11-01,214.5,1244.0,14273.6,4.7,0.41,184.754,2016,11
359,2016-12-01,215.5,1101.0,14313.7,4.7,0.54,185.716,2016,12
360,2017-01-01,217.3,1081.0,14373.7,4.7,0.65,186.797,2017,1
361,2017-02-01,218.8,1148.0,14416.8,4.6,0.66,187.314,2017,2
362,2017-03-01,219.7,1147.0,14476.3,4.4,0.79,187.992,2017,3
363,2017-04-01,221.0,1069.0,14509.3,4.4,0.9,188.722,2017,4
364,2017-05-01,221.7,1170.0,14610.7,4.4,0.91,189.611,2017,5
365,2017-06-01,221.9,1236.0,14618.7,4.3,1.04,190.514,2017,6
366,2017-07-01,221.9,1173.0,14660.2,4.3,1.15,191.459,2017,7
367,2017-08-01,222.4,1107.0,14678.3,4.4,1.16,192.651,2017,8
368,2017-09-01,223.1,1113.0,14706.0,4.3,1.15,193.748,2017,9
369,2017-10-01,223.9,1196.0,14748.6,4.2,1.15,194.795,2017,10
370,2017-11-01,223.9,1182.0,14771.1,4.2,1.16,195.947,2017,11
371,2017-12-01,224.1,1200.0,14797.9,4.1,1.3,197.164,2017,12
372,2018-01-01,225.8,1208.0,14886.6,4.0,1.41,198.301,2018,1
373,2018-02-01,228.7,1288.0,14921.1,4.1,1.42,199.226,2018,2
374,2018-03-01,231.3,1181.0,14974.8,4.0,1.51,199.966,2018,3
375,2018-04-01,232.4,1224.0,15007.2,4.0,1.69,200.662,2018,4
376,2018-05-01,236.8,1262.0,15057.8,3.8,1.7,201.426,2018,5
377,2018-06-01,239.2,1212.0,15119.3,4.0,1.82,202.234,2018,6
378,2018-07-01,239.6,1150.0,15184.7,3.8,1.91,202.906,2018,7
379,2018-08-01,239.4,1262.0,15238.6,3.8,1.91,203.667,2018,8
380,2018-09-01,240.0,1187.0,15237.5,3.7,1.95,204.33,2018,9
381,2018-10-01,238.7,1122.0,15274.1,3.8,2.19,205.097,2018,10
382,2018-11-01,238.8,1131.0,15315.2,3.8,2.2,205.666,2018,11
383,2018-12-01,238.3,1053.0,15506.5,3.9,2.27,206.149,2018,12
384,2019-01-01,238.5,1247.0,15501.7,4.0,2.4,206.536,2019,1
385,2019-02-01,238.1,1304.0,15553.7,3.8,2.4,206.855,2019,2
386,2019-03-01,238.1,1313.0,15568.9,3.8,2.41,207.083,2019,3
387,2019-04-01,237.2,1308.0,15524.4,3.7,2.42,207.534,2019,4
388,2019-05-01,237.3,1221.0,15519.6,3.6,2.39,208.146,2019,5
389,2019-06-01,236.3,1178.0,15546.4,3.6,2.38,208.631,2019,6
390,2019-07-01,235.6,1215.0,15565.7,3.7,2.4,209.24400000000003,2019,7
391,2019-08-01,234.4,1313.0,15654.1,3.6,2.13,210.045,2019,8
392,2019-09-01,234.4,1154.0,15691.3,3.5,2.04,210.867,2019,9
393,2019-10-01,233.8,1289.0,15718.1,3.6,1.83,211.77,2019,10
394,2019-11-01,232.8,1266.0,15778.2,3.6,1.55,212.797,2019,11
395,2019-12-01,232.2,1308.0,15684.8,3.6,1.55,213.944,2019,12
396,2020-01-01,233.4,1292.0,15852.5,3.6,1.55,215.021,2020,1
397,2020-02-01,234.6,1241.0,15918.0,3.5,1.58,215.864,2020,2
398,2020-03-01,236.3,1248.0,15696.3,4.4,0.65,216.45,2020,3
399,2020-04-01,234.3,1188.0,18020.2,14.8,0.05,216.849,2020,4
400,2020-05-01,233.3,1175.0,17104.6,13.2,0.05,216.99,2020,5
401,2020-06-01,234.8,1237.0,17035.0,11.0,0.08,217.55,2020,6
402,2020-07-01,237.0,1308.0,17193.2,10.2,0.09,219.275,2020,7
403,2020-08-01,240.9,1269.0,16525.8,8.4,0.1,222.297,2020,8
404,2020-09-01,246.9,1439.0,16607.9,7.8,0.09,225.775,2020,9
405,2020-10-01,246.4,1386.0,16561.9,6.8,0.09,229.722,2020,10
406,2020-11-01,244.3,1262.0,16368.1,6.7,0.09,233.26,2020,11
407,2020-12-01,248.0,1369.0,16406.1,6.7,0.09,236.557,2020,12
408,2021-01-01,256.4,1362.0,18107.3,6.4,0.09,239.655,2021,1
409,2021-02-01,264.6,1296.0,16604.9,6.2,0.08,242.359,2021,2
410,2021-03-01,276.7,1454.0,20422.6,6.1,0.07,245.537,2021,3
411,2021-04-01,291.8,1410.0,17316.6,6.1,0.07,249.111,2021,4
412,2021-05-01,305.9,1330.0,16819.1,5.8,0.06,253.399,2021,5
413,2021-06-01,315.7,1291.0,16736.3,5.9,0.08,258.197,2021,6
414,2021-07-01,313.542,1360.0,16836.1,5.4,0.1,262.599,2021,7
415,2021-08-01,313.083,1340.0,16791.7,5.1,0.09,266.652,2021,8
416,2021-09-01,317.136,1226.0,16564.3,4.7,0.08,270.256,2021,9
417,2021-10-01,322.12,1282.0,16547.4,4.5,0.08,273.66900000000004,2021,10
418,2021-11-01,328.94,1403.0,16499.8,4.1,0.08,277.324,2021,11
419,2021-12-01,335.032,1326.0,16418.5,3.9,0.08,281.512,2021,12
420,2022-01-01,345.742,1275.0,16080.8,4.0,0.08,286.124,2022,1
421,2022-02-01,343.583,1343.0,16092.7,3.8,0.08,291.118,2022,2
422,2022-03-01,345.852,1352.0,16028.1,3.6,0.2,296.51,2022,3
423,2022-04-01,343.786,1344.0,16042.6,3.7,0.33,300.572,2022,4
424,2022-05-01,353.015,1425.0,16023.2,3.6,0.77,303.683,2022,5
425,2022-06-01,349.8,1381.0,15963.4,3.6,1.21,304.407,2022,6
426,2022-07-01,346.79,1409.0,16109.3,3.5,1.68,303.5,2022,7
427,2022-08-01,342.753,1375.0,16161.4,3.6,2.33,301.149,2022,8
428,2022-09-01,336.464,1434.0,16184.9,3.5,2.56,299.152,2022,9
429,2022-10-01,333.796,1379.0,16223.5,3.6,3.08,298.786,2022,10
430,2022-11-01,330.369,1559.0,16229.6,3.6,3.78,298.413,2022,11
431,2022-12-01,326.449,1386.0,16265.1,3.5,4.1,297.66900000000004,2022,12
432,2023-01-01,327.338,1389.0,16601.9,3.4,4.33,297.358,2023,1
433,2023-02-01,330.532,1540.0,16656.1,3.6,4.57,297.564,2023,2
434,2023-03-01,331.729,1516.0,16730.2,3.5,4.65,298.793,2023,3
435,2023-04-01,333.366,1416.0,16763.9,3.4,4.83,300.271,2023,4
436,2023-05-01,337.473,1499.0,16818.5,3.7,5.06,302.454,2023,5
437,2023-06-01,337.336,1480.0,16809.5,3.6,5.08,304.271,2023,6
438,2023-07-01,334.512,1343.0,16816.4,3.5,5.12,306.438,2023,7
439,2023-08-01,333.794,1373.0,16826.2,3.8,5.33,308.956,2023,8
440,2023-09-01,332.098,1466.0,16816.3,3.8,5.33,311.065,2023,9
441,2023-10-01,328.743,1382.0,16847.8,3.8,5.33,312.946,2023,10
442,2023-11-01,326.844,1466.0,16912.1,3.7,5.33,313.629,2023,11
443,2023-12-01,327.644,1557.0,16946.5,3.7,5.33,314.338,2023,12
444,2024-01-01,334.259,1504.0,16947.4,3.7,5.33,315.297,2024,1
445,2024-02-01,337.658,1698.0,16931.1,3.9,5.33,316.576,2024,2
